drug_id,morgan_valid,drug_kg_masked
DB04862,1,1
DB05608,1,1
DB05626,1,1
DB05817,1,1
DB06091,1,1
DB06260,1,1
DB06299,1,1
DB06328,1,1
DB06598,1,1
DB06629,1,1
DB09138,1,1
DB09150,1,1
DB11385,1,1
DB11648,1,1
DB11655,1,1
DB11663,1,1
DB11665,1,1
DB11666,1,1
DB11679,1,1
DB11684,1,1
DB11725,1,1
DB11741,1,1
DB11743,1,1
DB11762,1,1
DB11782,1,1
DB11787,1,1
DB11794,1,1
DB11836,1,1
DB11843,1,1
DB11845,1,1
DB11864,1,1
DB11885,1,1
DB11890,1,1
DB11893,1,1
DB11895,1,1
DB11896,1,1
DB11899,1,1
DB11902,1,1
DB11906,1,1
DB11910,1,1
DB11911,1,1
DB11913,1,1
DB11920,1,1
DB11925,1,1
DB11941,1,1
DB11958,1,1
DB12000,1,1
DB12008,1,1
DB12019,1,1
DB12044,1,1
DB12045,1,1
DB12050,1,1
DB12060,1,1
DB12066,1,1
DB12101,1,1
DB12109,1,1
DB12121,1,1
DB12139,1,1
DB12153,1,1
DB12154,1,1
DB12155,1,1
DB12160,1,1
DB12170,1,1
DB12172,1,1
DB12180,1,1
DB12203,1,1
DB12218,1,1
DB12237,1,1
DB12242,1,1
DB12253,1,1
DB12282,1,1
DB12283,1,1
DB12303,1,1
DB12320,1,1
DB12325,1,1
DB12359,1,1
DB12369,1,1
DB12380,1,1
DB12383,1,1
DB12389,1,1
DB12390,1,1
DB12392,1,1
DB12407,1,1
DB12411,1,1
DB12451,1,1
DB12471,1,1
DB12484,1,1
DB12485,1,1
DB12491,1,1
DB12511,1,1
DB12513,1,1
DB12517,1,1
DB12550,1,1
DB12623,1,1
DB12665,1,1
DB12676,1,1
DB12709,1,1
DB12827,1,1
DB12851,1,1
DB12854,1,1
DB12896,1,1
DB12925,1,1
DB12929,1,1
DB12954,1,1
DB12957,1,1
DB12974,1,1
DB12984,1,1
DB12985,1,1
DB13089,1,1
DB13100,1,1
DB13126,1,1
DB13296,1,1
DB13529,1,1
DB14785,1,1
DB14793,1,1
DB14831,1,1
DB14849,1,1
DB14866,1,1
DB14872,1,1
DB14912,1,1
DB14917,1,1
DB14935,1,1
DB14939,1,1
DB14976,1,1
DB14989,1,1
DB14993,1,1
DB15011,1,1
DB15026,1,1
DB15036,1,1
DB15078,1,1
DB15114,1,1
DB15133,1,1
DB15161,1,1
DB15187,1,1
DB15189,1,1
DB15227,1,1
DB15232,1,1
DB15247,1,1
DB15266,1,1
DB15295,1,1
DB15373,1,1
DB15393,1,1
DB15408,1,1
DB15414,1,1
DB15435,1,1
DB15449,1,1
DB15456,1,1
DB15588,1,1
DB15652,1,1
DB16021,1,1
DB16024,1,1
DB16075,1,1
DB16130,1,1
DB16157,1,1
DB16173,1,1
DB16250,1,1
